Workbook
Name Slicer_Representative: #N/A

Sheet Sheet1
A1: Data returned for Call Count, Cleveland, Female (First 1000 rows).
A3: calls[Call number] | B3: calls[Customer ID] | C3: calls[Duration] | D3: calls[Representative] | E3: calls[Date of Call] | F3: calls[Purchase Amount] | G3: calls[Satisfaction Rating] | H3: calls[FY] | I3: calls[Day of week] | J3: calls[Duration Bucket] | K3: calls[Rating rounded] | L3: calls[Date of Call (Month)] | M3: calls[Date of Call (Month Index)]
A4: Call_7277 | B4: C0007 | C4: 84 | D4: R05 | E4: 44929 | F4: 60 | G4: 4.7 | H4: 2023 | I4: Tuesday | J4: 1 to 2 hours | K4: 5 | L4: Jan | M4: 1
A5: Call_7280 | B5: C0010 | C5: 44 | D5: R03 | E5: 44929 | F5: 105 | G5: 2.9 | H5: 2023 | I5: Tuesday | J5: 30 to 60 mins | K5: 3 | L5: Jan | M5: 1
A6: Call_7282 | B6: C0013 | C6: 135 | D6: R05 | E6: 44929 | F6: 46 | G6: 3.4 | H6: 2023 | I6: Tuesday | J6: More than 2 hours | K6: 3 | L6: Jan | M6: 1
A7: Call_7284 | B7: C0010 | C7: 139 | D7: R02 | E7: 44930 | F7: 96 | G7: 4 | H7: 2023 | I7: Wednesday | J7: More than 2 hours | K7: 4 | L7: Jan | M7: 1
A8: Call_7285 | B8: C0013 | C8: 48 | D8: R01 | E8: 44930 | F8: 68 | G8: 4.9 | H8: 2023 | I8: Wednesday | J8: 30 to 60 mins | K8: 5 | L8: Jan | M8: 1
A9: Call_7286 | B9: C0010 | C9: 176 | D9: R05 | E9: 44931 | F9: 24 | G9: 4.8 | H9: 2023 | I9: Thursday | J9: More than 2 hours | K9: 5 | L9: Jan | M9: 1
A10: Call_7287 | B10: C0010 | C10: 99 | D10: R01 | E10: 44931 | F10: 195 | G10: 3.9 | H10: 2023 | I10: Thursday | J10: 1 to 2 hours | K10: 4 | L10: Jan | M10: 1
A11: Call_7289 | B11: C0007 | C11: 54 | D11: R02 | E11: 44931 | F11: 170 | G11: 4.3 | H11: 2023 | I11: Thursday | J11: 30 to 60 mins | K11: 4 | L11: Jan | M11: 1
A12: Call_7294 | B12: C0015 | C12: 58 | D12: R02 | E12: 44934 | F12: 140 | G12: 2.1 | H12: 2023 | I12: Sunday | J12: 30 to 60 mins | K12: 2 | L12: Jan | M12: 1
A13: Call_7295 | B13: C0010 | C13: 54 | D13: R01 | E13: 44934 | F13: 111 | G13: 3.3 | H13: 2023 | I13: Sunday | J13: 30 to 60 mins | K13: 3 | L13: Jan | M13: 1
A14: Call_7300 | B14: C0015 | C14: 155 | D14: R01 | E14: 44936 | F14: 110 | G14: 4.8 | H14: 2023 | I14: Tuesday | J14: More than 2 hours | K14: 5 | L14: Jan | M14: 1
A15: Call_7307 | B15: C0015 | C15: 94 | D15: R03 | E15: 44942 | F15: 120 | G15: 3.1 | H15: 2023 | I15: Monday | J15: 1 to 2 hours | K15: 3 | L15: Jan | M15: 1
... A329: Call_8269 | B329: C0010 | C329: 123 | D329: R05 | E329: 45291 | F329: 64 | G329: 3.7 | H329: 2024 | I329: Sunday | J329: More than 2 hours | K329: 4 | L329: Dec | M329: 12

Sheet Pivots
A3: Call Count | B3: Total Amount | C3: Total Duration | D3: Avg Rating | E3: 5* Calls
A4: 1000 | B4: 96623 | C4: 89850 | D4: 3.8854 | E4: 307
A10: Call Count | B10: Total Amount | C10: Total Duration | D10: Avg Rating | E10: 5* Calls
A11: 186 | B11: 16651 | C11: 17807 | D11: 3.8973118 | E11: 62
A18: Row Labels | B18: Call Count | C18: Call Count2
A19: Jan | B19: 10 | C19: 10
A20: Feb | B20: 11 | C20: 11 | G20: Row Labels | H20: Call Count
A21: Mar | B21: 30 | C21: 30 | G21: Sunday | H21: 25
A22: Apr | B22: 23 | C22: 23 | G22: Monday | H22: 23
A23: May | B23: 22 | C23: 22 | G23: Tuesday | H23: 28
A24: Jun | B24: 11 | C24: 11 | G24: Wednesday | H24: 29
A25: Jul | B25: 17 | C25: 17 | G25: Thursday | H25: 18
A26: Aug | B26: 12 | C26: 12 | G26: Friday | H26: 29
A27: Sep | B27: 13 | C27: 13 | G27: Saturday | H27: 34
A28: Oct | B28: 15 | C28: 15 | G28: Grand Total | H28: 186
A29: Nov | B29: 8 | C29: 8
A30: Dec | B30: 14 | C30: 14
A31: Grand Total | B31: 186 | C31: 186
E33: For Graph | H33: Selected rep | I33: =A46 -> R04
E35: Rep | F35: Calls | G35: Amount | H35: Sel. Calls | I35: Sel. Amount
A36: Row Labels | B36: Call Count | C36: Total Amount | E36: {=A37:C41} -> R01 | F36: 189 | G36: 18415 | H36: =IF(E36=$I$33,F36,NA()) -> #N/A | I36: =IF(E36=$I$33, G36, NA()) -> #N/A
A37: R01 | B37: 189 | C37: 18415 | E37: R02 | F37: 218 | G37: 20581 | H37: =IF(E37=$I$33,F37,NA()) -> #N/A | I37: =IF(E37=$I$33, G37, NA()) -> #N/A
A38: R02 | B38: 218 | C38: 20581 | E38: R03 | F38: 207 | G38: 20872 | H38: =IF(E38=$I$33,F38,NA()) -> #N/A | I38: =IF(E38=$I$33, G38, NA()) -> #N/A
A39: R03 | B39: 207 | C39: 20872 | E39: R04 | F39: 186 | G39: 16651 | H39: =IF(E39=$I$33,F39,NA()) -> 186 | I39: =IF(E39=$I$33, G39, NA()) -> 16651
A40: R04 | B40: 186 | C40: 16651 | E40: R05 | F40: 200 | G40: 20104 | H40: =IF(E40=$I$33,F40,NA()) -> #N/A | I40: =IF(E40=$I$33, G40, NA()) -> #N/A
A41: R05 | B41: 200 | C41: 20104
A42: Grand Total | B42: 1000 | C42: 96623
A45: Row Labels
A46: R04
A51: Call Count | B51: Column Labels | G51: Row Labels | H51: Call Count | K51: Total Amount | L51: Column Labels
A52: Row Labels | B52: Female | C52: Male | D52: Grand Total | G52: 1 | H52: 3 | K52: Row Labels | L52: R01 | M52: R02 | N52: R03 | O52: R04 | P52: R05 | Q52: Total
A53: Cincinnati | B53: 144 | C53: 132 | D53: 276 | G53: 2 | H53: 10 | K53: Cincinnati
A54: Cleveland | B54: 326 | C54: 63 | D54: 389 | G54: 3 | H54: 41 | K54: C0003 | L54: 891 | M54: 1332 | N54: 1282 | O54: 739 | P54: 560 | Q54: 4804
A55: Columbus | B55: 129 | C55: 206 | D55: 335 | G55: 4 | H55: 70 | K55: C0004 | L55: 1991 | M55: 1886 | N55: 1206 | O55: 884 | P55: 1722 | Q55: 7689
A56: Grand Total | B56: 599 | C56: 401 | D56: 1000 | G56: 5 | H56: 62 | K56: C0011 | L56: 1163 | M56: 1180 | N56: 1616 | O56: 1043 | P56: 1747 | Q56: 6749
G57: Grand Total | H57: 186 | K57: C0012 | L57: 1438 | M57: 1616 | N57: 866 | O57: 829 | P57: 2070 | Q57: 6819
K58: Cleveland
K59: C0002 | L59: 1233 | M59: 223 | N59: 1680 | O59: 990 | P59: 1508 | Q59: 5634
K60: C0007 | L60: 1598 | M60: 1907 | N60: 869 | O60: 1426 | P60: 1416 | Q60: 7216
K61: C0008 | L61: 900 | M61: 1016 | N61: 960 | O61: 940 | P61: 1193 | Q61: 5009
K62: C0010 | L62: 900 | M62: 1470 | N62: 1617 | O62: 1314 | P62: 941 | Q62: 6242
K63: C0013 | L63: 1255 | M63: 516 | N63: 1874 | O63: 1863 | P63: 1722 | Q63: 7230
B64: Rep Summary | K64: C0015 | L64: 1138 | M64: 1898 | N64: 1482 | O64: 846 | P64: 1154 | Q64: 6518
B65: % of calls | C65: =A11/A4 -> 0.186 | K65: Columbus
B66: Calls | C66: =_xlfn.XLOOKUP(A46, E36:E40, F36:F40) -> 186 | K66: C0001 | L66: 1655 | M66: 805 | N66: 2263 | O66: 987 | P66: 1075 | Q66: 6785
B67: Amount | C67: =_xlfn.XLOOKUP(A46, E36:E40, G36:G40) -> 16651 | K67: C0005 | L67: 1104 | M67: 2280 | N67: 1445 | O67: 1722 | P67: 1196 | Q67: 7747
K68: C0006 | L68: 372 | M68: 1818 | N68: 1346 | O68: 1156 | P68: 1484 | Q68: 6176
B69: Call rank | C69: =_xlfn.RANK.AVG(C66, F36:F40) -> 5 | K69: C0009 | L69: 1415 | M69: 1271 | N69: 1214 | O69: 1135 | P69: 1566 | Q69: 6601
B70: Amount rank | C70: =_xlfn.RANK.AVG(C67, G36:G40) -> 5 | K70: C0014 | L70: 1362 | M70: 1363 | N70: 1152 | O70: 777 | P70: 750 | Q70: 5404
B72: Labels | C72: ="% of Calls:" & " " & TEXT(C65, "0%") -> % of Calls: 19%
C73: =IF(COUNTA(A46:A50)>1, "", "Call rank" & ": " & TEXT(C69, 0)) -> Call rank: 5
C74: =IF(COUNTA(A46:A50)>1, "", "Amount rank" & ": " & TEXT(C70, 0)) -> Amount rank: 5
B75: Image | C75: =IF(COUNTA(A46:A50)> 1, "", _xlfn.XLOOKUP(Pivots!A46, Assets!E3:E7, Assets!F3:F7)) -> #VALUE!

Sheet Data
B1: Call Centre Data
B3: Call number | C3: Customer ID | D3: Duration | E3: Representative | F3: Date of Call | G3: Purchase Amount | H3: Satisfaction Rating | I3: FY | J3: Day of week | K3: Duration Bucket | L3: Rating rounded | Q3: Customer ID | R3: Gedner | S3: Age | T3: City
B4: Call_7271 | C4: C0003 | D4: 116 | E4: R05 | F4: 44927 | G4: 128 | H4: 4.9 | I4: =IF(MONTH(calls[[#This Row],[Date of Call]])<=6, YEAR(calls[[#This Row],[Date of Call]]), YEAR(calls[[#This Row],[Date of Call]])+1) -> 2023 | J4: =TEXT(calls[[#This Row],[Date of Call]],"DDDD") -> Sunday | K4: {=_xlfn.IFS(calls[[#This Row],[Duration]]<=10,"Under 10 mins", calls[[#This Row],[Duration]]<=30, "10 to 30 mins", calls[[#This Row],[Duration]]<=60, "30 to 60 mins", calls[[#This Row],[Duration]]<=120, "1 to 2 hours", TRUE, "More than 2 hours")} -> 1 to 2 hours | L4: =ROUND(calls[[#This Row],[Satisfaction Rating]],0) -> 5 | Q4: C0001 | R4: Male | S4: 41 | T4: Columbus
B5: Call_7272 | C5: C0004 | D5: 119 | E5: R05 | F5: 44927 | G5: 135 | H5: 2.9 | I5: =IF(MONTH(calls[[#This Row],[Date of Call]])<=6, YEAR(calls[[#This Row],[Date of Call]]), YEAR(calls[[#This Row],[Date of Call]])+1) -> 2023 | J5: =TEXT(calls[[#This Row],[Date of Call]],"DDDD") -> Sunday | K5: {=_xlfn.IFS(calls[[#This Row],[Duration]]<=10,"Under 10 mins", calls[[#This Row],[Duration]]<=30, "10 to 30 mins", calls[[#This Row],[Duration]]<=60, "30 to 60 mins", calls[[#This Row],[Duration]]<=120, "1 to 2 hours", TRUE, "More than 2 hours")} -> 1 to 2 hours | L5: =ROUND(calls[[#This Row],[Satisfaction Rating]],0) -> 3 | Q5: C0002 | R5: Male | S5: 31 | T5: Cleveland
B6: Call_7273 | C6: C0005 | D6: 68 | E6: R02 | F6: 44927 | G6: 66 | H6: 4.7 | I6: =IF(MONTH(calls[[#This Row],[Date of Call]])<=6, YEAR(calls[[#This Row],[Date of Call]]), YEAR(calls[[#This Row],[Date of Call]])+1) -> 2023 | J6: =TEXT(calls[[#This Row],[Date of Call]],"DDDD") -> Sunday | K6: {=_xlfn.IFS(calls[[#This Row],[Duration]]<=10,"Under 10 mins", calls[[#This Row],[Duration]]<=30, "10 to 30 mins", calls[[#This Row],[Duration]]<=60, "30 to 60 mins", calls[[#This Row],[Duration]]<=120, "1 to 2 hours", TRUE, "More than 2 hours")} -> 1 to 2 hours | L6: =ROUND(calls[[#This Row],[Satisfaction Rating]],0) -> 5 | Q6: C0003 | R6: Male | S6: 26 | T6: Cincinnati
B7: Call_7274 | C7: C0014 | D7: 119 | E7: R02 | F7: 44927 | G7: 22 | H7: 2.9 | I7: =IF(MONTH(calls[[#This Row],[Date of Call]])<=6, YEAR(calls[[#This Row],[Date of Call]]), YEAR(calls[[#This Row],[Date of Call]])+1) -> 2023 | J7: =TEXT(calls[[#This Row],[Date of Call]],"DDDD") -> Sunday | K7: {=_xlfn.IFS(calls[[#This Row],[Duration]]<=10,"Under 10 mins", calls[[#This Row],[Duration]]<=30, "10 to 30 mins", calls[[#This Row],[Duration]]<=60, "30 to 60 mins", calls[[#This Row],[Duration]]<=120, "1 to 2 hours", TRUE, "More than 2 hours")} -> 1 to 2 hours | L7: =ROUND(calls[[#This Row],[Satisfaction Rating]],0) -> 3 | Q7: C0004 | R7: Male | S7: 36 | T7: Cincinnati
B8: Call_7275 | C8: C0011 | D8: 128 | E8: R01 | F8: 44928 | G8: 31 | H8: 2.8 | I8: =IF(MONTH(calls[[#This Row],[Date of Call]])<=6, YEAR(calls[[#This Row],[Date of Call]]), YEAR(calls[[#This Row],[Date of Call]])+1) -> 2023 | J8: =TEXT(calls[[#This Row],[Date of Call]],"DDDD") -> Monday | K8: {=_xlfn.IFS(calls[[#This Row],[Duration]]<=10,"Under 10 mins", calls[[#This Row],[Duration]]<=30, "10 to 30 mins", calls[[#This Row],[Duration]]<=60, "30 to 60 mins", calls[[#This Row],[Duration]]<=120, "1 to 2 hours", TRUE, "More than 2 hours")} -> More than 2 hours | L8: =ROUND(calls[[#This Row],[Satisfaction Rating]],0) -> 3 | Q8: C0005 | R8: Male | S8: 37 | T8: Columbus
B9: Call_7276 | C9: C0011 | D9: 49 | E9: R02 | F9: 44929 | G9: 135 | H9: 4.8 | I9: =IF(MONTH(calls[[#This Row],[Date of Call]])<=6, YEAR(calls[[#This Row],[Date of Call]]), YEAR(calls[[#This Row],[Date of Call]])+1) -> 2023 | J9: =TEXT(calls[[#This Row],[Date of Call]],"DDDD") -> Tuesday | K9: {=_xlfn.IFS(calls[[#This Row],[Duration]]<=10,"Under 10 mins", calls[[#This Row],[Duration]]<=30, "10 to 30 mins", calls[[#This Row],[Duration]]<=60, "30 to 60 mins", calls[[#This Row],[Duration]]<=120, "1 to 2 hours", TRUE, "More than 2 hours")} -> 30 to 60 mins | L9: =ROUND(calls[[#This Row],[Satisfaction Rating]],0) -> 5 | Q9: C0006 | R9: Male | S9: 23 | T9: Columbus
B10: Call_7277 | C10: C0007 | D10: 84 | E10: R05 | F10: 44929 | G10: 60 | H10: 4.7 | I10: =IF(MONTH(calls[[#This Row],[Date of Call]])<=6, YEAR(calls[[#This Row],[Date of Call]]), YEAR(calls[[#This Row],[Date of Call]])+1) -> 2023 | J10: =TEXT(calls[[#This Row],[Date of Call]],"DDDD") -> Tuesday | K10: {=_xlfn.IFS(calls[[#This Row],[Duration]]<=10,"Under 10 mins", calls[[#This Row],[Duration]]<=30, "10 to 30 mins", calls[[#This Row],[Duration]]<=60, "30 to 60 mins", calls[[#This Row],[Duration]]<=120, "1 to 2 hours", TRUE, "More than 2 hours")} -> 1 to 2 hours | L10: =ROUND(calls[[#This Row],[Satisfaction Rating]],0) -> 5 | Q10: C0007 | R10: Female | S10: 22 | T10: Cleveland
B11: Call_7278 | C11: C0003 | D11: 103 | E11: R04 | F11: 44929 | G11: 148 | H11: 4.4 | I11: =IF(MONTH(calls[[#This Row],[Date of Call]])<=6, YEAR(calls[[#This Row],[Date of Call]]), YEAR(calls[[#This Row],[Date of Call]])+1) -> 2023 | J11: =TEXT(calls[[#This Row],[Date of Call]],"DDDD") -> Tuesday | K11: {=_xlfn.IFS(calls[[#This Row],[Duration]]<=10,"Under 10 mins", calls[[#This Row],[Duration]]<=30, "10 to 30 mins", calls[[#This Row],[Duration]]<=60, "30 to 60 mins", calls[[#This Row],[Duration]]<=120, "1 to 2 hours", TRUE, "More than 2 hours")} -> 1 to 2 hours | L11: =ROUND(calls[[#This Row],[Satisfaction Rating]],0) -> 4 | Q11: C0008 | R11: Female | S11: 42 | T11: Cleveland
B12: Call_7279 | C12: C0005 | D12: 31 | E12: R02 | F12: 44929 | G12: 135 | H12: 3.6 | I12: =IF(MONTH(calls[[#This Row],[Date of Call]])<=6, YEAR(calls[[#This Row],[Date of Call]]), YEAR(calls[[#This Row],[Date of Call]])+1) -> 2023 | J12: =TEXT(calls[[#This Row],[Date of Call]],"DDDD") -> Tuesday | K12: {=_xlfn.IFS(calls[[#This Row],[Duration]]<=10,"Under 10 mins", calls[[#This Row],[Duration]]<=30, "10 to 30 mins", calls[[#This Row],[Duration]]<=60, "30 to 60 mins", calls[[#This Row],[Duration]]<=120, "1 to 2 hours", TRUE, "More than 2 hours")} -> 30 to 60 mins | L12: =ROUND(calls[[#This Row],[Satisfaction Rating]],0) -> 4 | Q12: C0009 | R12: Female | S12: 25 | T12: Columbus
B13: Call_7280 | C13: C0010 | D13: 44 | E13: R03 | F13: 44929 | G13: 105 | H13: 2.9 | I13: =IF(MONTH(calls[[#This Row],[Date of Call]])<=6, YEAR(calls[[#This Row],[Date of Call]]), YEAR(calls[[#This Row],[Date of Call]])+1) -> 2023 | J13: =TEXT(calls[[#This Row],[Date of Call]],"DDDD") -> Tuesday | K13: {=_xlfn.IFS(calls[[#This Row],[Duration]]<=10,"Under 10 mins", calls[[#This Row],[Duration]]<=30, "10 to 30 mins", calls[[#This Row],[Duration]]<=60, "30 to 60 mins", calls[[#This Row],[Duration]]<=120, "1 to 2 hours", TRUE, "More than 2 hours")} -> 30 to 60 mins | L13: =ROUND(calls[[#This Row],[Satisfaction Rating]],0) -> 3 | Q13: C0010 | R13: Female | S13: 30 | T13: Cleveland
B14: Call_7281 | C14: C0011 | D14: 102 | E14: R02 | F14: 44929 | G14: 69 | H14: 4.9 | I14: =IF(MONTH(calls[[#This Row],[Date of Call]])<=6, YEAR(calls[[#This Row],[Date of Call]]), YEAR(calls[[#This Row],[Date of Call]])+1) -> 2023 | J14: =TEXT(calls[[#This Row],[Date of Call]],"DDDD") -> Tuesday | K14: {=_xlfn.IFS(calls[[#This Row],[Duration]]<=10,"Under 10 mins", calls[[#This Row],[Duration]]<=30, "10 to 30 mins", calls[[#This Row],[Duration]]<=60, "30 to 60 mins", calls[[#This Row],[Duration]]<=120, "1 to 2 hours", TRUE, "More than 2 hours")} -> 1 to 2 hours | L14: =ROUND(calls[[#This Row],[Satisfaction Rating]],0) -> 5 | Q14: C0011 | R14: Female | S14: 30 | T14: Cincinnati
B15: Call_7282 | C15: C0013 | D15: 135 | E15: R05 | F15: 44929 | G15: 46 | H15: 3.4 | I15: =IF(MONTH(calls[[#This Row],[Date of Call]])<=6, YEAR(calls[[#This Row],[Date of Call]]), YEAR(calls[[#This Row],[Date of Call]])+1) -> 2023 | J15: =TEXT(calls[[#This Row],[Date of Call]],"DDDD") -> Tuesday | K15: {=_xlfn.IFS(calls[[#This Row],[Duration]]<=10,"Under 10 mins", calls[[#This Row],[Duration]]<=30, "10 to 30 mins", calls[[#This Row],[Duration]]<=60, "30 to 60 mins", calls[[#This Row],[Duration]]<=120, "1 to 2 hours", TRUE, "More than 2 hours")} -> More than 2 hours | L15: =ROUND(calls[[#This Row],[Satisfaction Rating]],0) -> 3 | Q15: C0012 | R15: Female | S15: 28 | T15: Cincinnati
... B18: Call_7285 | C18: C0013 | D18: 48 | E18: R01 | F18: 44930 | G18: 68 | H18: 4.9 | I18: =IF(MONTH(calls[[#This Row],[Date of Call]])<=6, YEAR(calls[[#This Row],[Date of Call]]), YEAR(calls[[#This Row],[Date of Call]])+1) -> 2023 | J18: =TEXT(calls[[#This Row],[Date of Call]],"DDDD") -> Wednesday | K18: {=_xlfn.IFS(calls[[#This Row],[Duration]]<=10,"Under 10 mins", calls[[#This Row],[Duration]]<=30, "10 to 30 mins", calls[[#This Row],[Duration]]<=60, "30 to 60 mins", calls[[#This Row],[Duration]]<=120, "1 to 2 hours", TRUE, "More than 2 hours")} -> 30 to 60 mins | L18: =ROUND(calls[[#This Row],[Satisfaction Rating]],0) -> 5 | Q18: C0015 | R18: Female | S18: 43 | T18: Cleveland
B19: Call_7286 | C19: C0010 | D19: 176 | E19: R05 | F19: 44931 | G19: 24 | H19: 4.8 | I19: =IF(MONTH(calls[[#This Row],[Date of Call]])<=6, YEAR(calls[[#This Row],[Date of Call]]), YEAR(calls[[#This Row],[Date of Call]])+1) -> 2023 | J19: =TEXT(calls[[#This Row],[Date of Call]],"DDDD") -> Thursday | K19: {=_xlfn.IFS(calls[[#This Row],[Duration]]<=10,"Under 10 mins", calls[[#This Row],[Duration]]<=30, "10 to 30 mins", calls[[#This Row],[Duration]]<=60, "30 to 60 mins", calls[[#This Row],[Duration]]<=120, "1 to 2 hours", TRUE, "More than 2 hours")} -> More than 2 hours | L19: =ROUND(calls[[#This Row],[Satisfaction Rating]],0) -> 5
B20: Call_7287 | C20: C0010 | D20: 99 | E20: R01 | F20: 44931 | G20: 195 | H20: 3.9 | I20: =IF(MONTH(calls[[#This Row],[Date of Call]])<=6, YEAR(calls[[#This Row],[Date of Call]]), YEAR(calls[[#This Row],[Date of Call]])+1) -> 2023 | J20: =TEXT(calls[[#This Row],[Date of Call]],"DDDD") -> Thursday | K20: {=_xlfn.IFS(calls[[#This Row],[Duration]]<=10,"Under 10 mins", calls[[#This Row],[Duration]]<=30, "10 to 30 mins", calls[[#This Row],[Duration]]<=60, "30 to 60 mins", calls[[#This Row],[Duration]]<=120, "1 to 2 hours", TRUE, "More than 2 hours")} -> 1 to 2 hours | L20: =ROUND(calls[[#This Row],[Satisfaction Rating]],0) -> 4
B21: Call_7288 | C21: C0009 | D21: 28 | E21: R03 | F21: 44931 | G21: 28 | H21: 3.8 | I21: =IF(MONTH(calls[[#This Row],[Date of Call]])<=6, YEAR(calls[[#This Row],[Date of Call]]), YEAR(calls[[#This Row],[Date of Call]])+1) -> 2023 | J21: =TEXT(calls[[#This Row],[Date of Call]],"DDDD") -> Thursday | K21: {=_xlfn.IFS(calls[[#This Row],[Duration]]<=10,"Under 10 mins", calls[[#This Row],[Duration]]<=30, "10 to 30 mins", calls[[#This Row],[Duration]]<=60, "30 to 60 mins", calls[[#This Row],[Duration]]<=120, "1 to 2 hours", TRUE, "More than 2 hours")} -> 10 to 30 mins | L21: =ROUND(calls[[#This Row],[Satisfaction Rating]],0) -> 4
B22: Call_7289 | C22: C0007 | D22: 54 | E22: R02 | F22: 44931 | G22: 170 | H22: 4.3 | I22: =IF(MONTH(calls[[#This Row],[Date of Call]])<=6, YEAR(calls[[#This Row],[Date of Call]]), YEAR(calls[[#This Row],[Date of Call]])+1) -> 2023 | J22: =TEXT(calls[[#This Row],[Date of Call]],"DDDD") -> Thursday | K22: {=_xlfn.IFS(calls[[#This Row],[Duration]]<=10,"Under 10 mins", calls[[#This Row],[Duration]]<=30, "10 to 30 mins", calls[[#This Row],[Duration]]<=60, "30 to 60 mins", calls[[#This Row],[Duration]]<=120, "1 to 2 hours", TRUE, "More than 2 hours")} -> 30 to 60 mins | L22: =ROUND(calls[[#This Row],[Satisfaction Rating]],0) -> 4
B23: Call_7290 | C23: C0006 | D23: 48 | E23: R05 | F23: 44932 | G23: 30 | H23: 4.4 | I23: =IF(MONTH(calls[[#This Row],[Date of Call]])<=6, YEAR(calls[[#This Row],[Date of Call]]), YEAR(calls[[#This Row],[Date of Call]])+1) -> 2023 | J23: =TEXT(calls[[#This Row],[Date of Call]],"DDDD") -> Friday | K23: {=_xlfn.IFS(calls[[#This Row],[Duration]]<=10,"Under 10 mins", calls[[#This Row],[Duration]]<=30, "10 to 30 mins", calls[[#This Row],[Duration]]<=60, "30 to 60 mins", calls[[#This Row],[Duration]]<=120, "1 to 2 hours", TRUE, "More than 2 hours")} -> 30 to 60 mins | L23: =ROUND(calls[[#This Row],[Satisfaction Rating]],0) -> 4
B24: Call_7291 | C24: C0004 | D24: 128 | E24: R05 | F24: 44932 | G24: 72 | H24: 5 | I24: =IF(MONTH(calls[[#This Row],[Date of Call]])<=6, YEAR(calls[[#This Row],[Date of Call]]), YEAR(calls[[#This Row],[Date of Call]])+1) -> 2023 | J24: =TEXT(calls[[#This Row],[Date of Call]],"DDDD") -> Friday | K24: {=_xlfn.IFS(calls[[#This Row],[Duration]]<=10,"Under 10 mins", calls[[#This Row],[Duration]]<=30, "10 to 30 mins", calls[[#This Row],[Duration]]<=60, "30 to 60 mins", calls[[#This Row],[Duration]]<=120, "1 to 2 hours", TRUE, "More than 2 hours")} -> More than 2 hours | L24: =ROUND(calls[[#This Row],[Satisfaction Rating]],0) -> 5
B25: Call_7292 | C25: C0004 | D25: 38 | E25: R04 | F25: 44933 | G25: 92 | H25: 4.9 | I25: =IF(MONTH(calls[[#This Row],[Date of Call]])<=6, YEAR(calls[[#This Row],[Date of Call]]), YEAR(calls[[#This Row],[Date of Call]])+1) -> 2023 | J25: =TEXT(calls[[#This Row],[Date of Call]],"DDDD") -> Saturday | K25: {=_xlfn.IFS(calls[[#This Row],[Duration]]<=10,"Under 10 mins", calls[[#This Row],[Duration]]<=30, "10 to 30 mins", calls[[#This Row],[Duration]]<=60, "30 to 60 mins", calls[[#This Row],[Duration]]<=120, "1 to 2 hours", TRUE, "More than 2 hours")} -> 30 to 60 mins | L25: =ROUND(calls[[#This Row],[Satisfaction Rating]],0) -> 5
B26: Call_7293 | C26: C0003 | D26: 67 | E26: R04 | F26: 44934 | G26: 165 | H26: 4.5 | I26: =IF(MONTH(calls[[#This Row],[Date of Call]])<=6, YEAR(calls[[#This Row],[Date of Call]]), YEAR(calls[[#This Row],[Date of Call]])+1) -> 2023 | J26: =TEXT(calls[[#This Row],[Date of Call]],"DDDD") -> Sunday | K26: {=_xlfn.IFS(calls[[#This Row],[Duration]]<=10,"Under 10 mins", calls[[#This Row],[Duration]]<=30, "10 to 30 mins", calls[[#This Row],[Duration]]<=60, "30 to 60 mins", calls[[#This Row],[Duration]]<=120, "1 to 2 hours", TRUE, "More than 2 hours")} -> 1 to 2 hours | L26: =ROUND(calls[[#This Row],[Satisfaction Rating]],0) -> 5
B27: Call_7294 | C27: C0015 | D27: 58 | E27: R02 | F27: 44934 | G27: 140 | H27: 2.1 | I27: =IF(MONTH(calls[[#This Row],[Date of Call]])<=6, YEAR(calls[[#This Row],[Date of Call]]), YEAR(calls[[#This Row],[Date of Call]])+1) -> 2023 | J27: =TEXT(calls[[#This Row],[Date of Call]],"DDDD") -> Sunday | K27: {=_xlfn.IFS(calls[[#This Row],[Duration]]<=10,"Under 10 mins", calls[[#This Row],[Duration]]<=30, "10 to 30 mins", calls[[#This Row],[Duration]]<=60, "30 to 60 mins", calls[[#This Row],[Duration]]<=120, "1 to 2 hours", TRUE, "More than 2 hours")} -> 30 to 60 mins | L27: =ROUND(calls[[#This Row],[Satisfaction Rating]],0) -> 2
B28: Call_7295 | C28: C0010 | D28: 54 | E28: R01 | F28: 44934 | G28: 111 | H28: 3.3 | I28: =IF(MONTH(calls[[#This Row],[Date of Call]])<=6, YEAR(calls[[#This Row],[Date of Call]]), YEAR(calls[[#This Row],[Date of Call]])+1) -> 2023 | J28: =TEXT(calls[[#This Row],[Date of Call]],"DDDD") -> Sunday | K28: {=_xlfn.IFS(calls[[#This Row],[Duration]]<=10,"Under 10 mins", calls[[#This Row],[Duration]]<=30, "10 to 30 mins", calls[[#This Row],[Duration]]<=60, "30 to 60 mins", calls[[#This Row],[Duration]]<=120, "1 to 2 hours", TRUE, "More than 2 hours")} -> 30 to 60 mins | L28: =ROUND(calls[[#This Row],[Satisfaction Rating]],0) -> 3
B29: Call_7296 | C29: C0012 | D29: 28 | E29: R05 | F29: 44935 | G29: 63 | H29: 4.1 | I29: =IF(MONTH(calls[[#This Row],[Date of Call]])<=6, YEAR(calls[[#This Row],[Date of Call]]), YEAR(calls[[#This Row],[Date of Call]])+1) -> 2023 | J29: =TEXT(calls[[#This Row],[Date of Call]],"DDDD") -> Monday | K29: {=_xlfn.IFS(calls[[#This Row],[Duration]]<=10,"Under 10 mins", calls[[#This Row],[Duration]]<=30, "10 to 30 mins", calls[[#This Row],[Duration]]<=60, "30 to 60 mins", calls[[#This Row],[Duration]]<=120, "1 to 2 hours", TRUE, "More than 2 hours")} -> 10 to 30 mins | L29: =ROUND(calls[[#This Row],[Satisfaction Rating]],0) -> 4
B30: Call_7297 | C30: C0002 | D30: 73 | E30: R05 | F30: 44935 | G30: 80 | H30: 4.2 | I30: =IF(MONTH(calls[[#This Row],[Date of Call]])<=6, YEAR(calls[[#This Row],[Date of Call]]), YEAR(calls[[#This Row],[Date of Call]])+1) -> 2023 | J30: =TEXT(calls[[#This Row],[Date of Call]],"DDDD") -> Monday | K30: {=_xlfn.IFS(calls[[#This Row],[Duration]]<=10,"Under 10 mins", calls[[#This Row],[Duration]]<=30, "10 to 30 mins", calls[[#This Row],[Duration]]<=60, "30 to 60 mins", calls[[#This Row],[Duration]]<=120, "1 to 2 hours", TRUE, "More than 2 hours")} -> 1 to 2 hours | L30: =ROUND(calls[[#This Row],[Satisfaction Rating]],0) -> 4
... B1003: Call_8270 | C1003: C0009 | D1003: 114 | E1003: R01 | F1003: 45291 | G1003: 40 | H1003: 3.9 | I1003: =IF(MONTH(calls[[#This Row],[Date of Call]])<=6, YEAR(calls[[#This Row],[Date of Call]]), YEAR(calls[[#This Row],[Date of Call]])+1) -> 2024 | J1003: =TEXT(calls[[#This Row],[Date of Call]],"DDDD") -> Sunday | K1003: {=_xlfn.IFS(calls[[#This Row],[Duration]]<=10,"Under 10 mins", calls[[#This Row],[Duration]]<=30, "10 to 30 mins", calls[[#This Row],[Duration]]<=60, "30 to 60 mins", calls[[#This Row],[Duration]]<=120, "1 to 2 hours", TRUE, "More than 2 hours")} -> 1 to 2 hours | L1003: =ROUND(calls[[#This Row],[Satisfaction Rating]],0) -> 4

Sheet Call-Centre-Report
P15: =Pivots!L52 -> R01 | Q15: =Pivots!M52 -> R02 | R15: =Pivots!N52 -> R03 | S15: =Pivots!O52 -> R04 | T15: =Pivots!P52 -> R05 | U15: =Pivots!Q52 -> Total
O16: {=IF(Pivots!K53:Q70="", "", Pivots!K53:Q70)} -> Cincinnati
O17: C0003 | P17: 891 | Q17: 1332 | R17: 1282 | S17: 739 | T17: 560 | U17: 4804
O18: C0004 | P18: 1991 | Q18: 1886 | R18: 1206 | S18: 884 | T18: 1722 | U18: 7689
O19: C0011 | P19: 1163 | Q19: 1180 | R19: 1616 | S19: 1043 | T19: 1747 | U19: 6749
O20: C0012 | P20: 1438 | Q20: 1616 | R20: 866 | S20: 829 | T20: 2070 | U20: 6819
O21: Cleveland
O22: C0002 | P22: 1233 | Q22: 223 | R22: 1680 | S22: 990 | T22: 1508 | U22: 5634
O23: C0007 | P23: 1598 | Q23: 1907 | R23: 869 | S23: 1426 | T23: 1416 | U23: 7216
O24: C0008 | P24: 900 | Q24: 1016 | R24: 960 | S24: 940 | T24: 1193 | U24: 5009
O25: C0010 | P25: 900 | Q25: 1470 | R25: 1617 | S25: 1314 | T25: 941 | U25: 6242
O26: C0013 | P26: 1255 | Q26: 516 | R26: 1874 | S26: 1863 | T26: 1722 | U26: 7230
O27: C0015 | P27: 1138 | Q27: 1898 | R27: 1482 | S27: 846 | T27: 1154 | U27: 6518
L28: =Pivots!C75 -> #VALUE! | O28: Columbus
O29: C0001 | P29: 1655 | Q29: 805 | R29: 2263 | S29: 987 | T29: 1075 | U29: 6785
O30: C0005 | P30: 1104 | Q30: 2280 | R30: 1445 | S30: 1722 | T30: 1196 | U30: 7747
O31: C0006 | P31: 372 | Q31: 1818 | R31: 1346 | S31: 1156 | T31: 1484 | U31: 6176
L32: =Pivots!C72 -> % of Calls: 19% | O32: C0009 | P32: 1415 | Q32: 1271 | R32: 1214 | S32: 1135 | T32: 1566 | U32: 6601
L33: =Pivots!C73 -> Call rank: 5 | O33: C0014 | P33: 1362 | Q33: 1363 | R33: 1152 | S33: 777 | T33: 750 | U33: 5404
L34: =Pivots!C74 -> Amount rank: 5

Sheet Assets
E2: Rep ID | F2: Rep Image
E3: R01 | F3: #VALUE!
E4: R02 | F4: #VALUE!
E5: R03 | F5: #VALUE!
E6: R04 | F6: #VALUE!
E7: R05 | F7: #VALUE!
